<?xml version="1.0" encoding="UTF-8"?>
    <addon id="repository.bartles_repo" name="Bartles Repo" version="0.1.0" provider-name="Bartles">
        <requires>
            <import addon="xbmc.addon" version="12.0.0"/>
        </requires>
        <extension point="xbmc.addon.repository" name="Bartles Repo">
            <info compressed="false">https://raw.githubusercontent.com/bartles86/kodi-repo/master/plugins/_repo/addons.xml</info>
            <checksum>https://raw.githubusercontent.com/bartles86/kodi-repo/master/plugins/_repo/addons.xml.md5</checksum>
            <datadir zip="true">https://github.com/bartles86/kodi-repo/raw/master/plugins/_repo</datadir>
            <hashes>false</hashes>
        </extension>
        <extension point="xbmc.addon.metadata">
            <summary>My Youtube Subscribed Channels</summary>
            <description>Repo containing my youtube channels addon</description>
            <platform>all</platform>
    </extension>
</addon>